SYS,SYS,SYS,SYS,SYS,USERDEF,USERDEF,USERDEF,USERDEF,PORO,PORO,PORO,PORO,PORO,PORO,PORO,PORO,PORO,PORO,PORO,PORO,FLUORO,FLUORO,FLUORO,FLUORO,FLUORO,FLUORO,FLUORO,FLUORO,FLUORO,FLUORO,SENSOR,SENSOR,SENSOR,SENSOR,SENSOR,SENSOR,SENSOR,SENSOR,SENSOR,SENSOR,MATCH,MATCH,MATCH,STABILITY,STABILITY,STABILITY,STABILITY,STABILITY,STABILITY,P_CONFIG,P_CONFIG,P_CONFIG,P_CONFIG,FL_CONFIG,FL_CONFIG,FL_CONFIG,FL_CONFIG,FL_CONFIG,FL_CONFIG,FL_CONFIG,FL_CONFIG,FL_CONFIG,FL_CONFIG,FL_CONFIG,FL_CONFIG,FL_CONFIG,FL_CONFIG,FL_CONFIG,SENSOR_V,SENSOR_V,SENSOR_V,SENSOR_V,SENSOR_V,SENSOR_V,SENSOR_V,SENSOR_V,SENSOR_V,SENSOR_V,USERCAL,USERCAL,USERCAL,USERCAL,USERCAL,USERCAL,USERCAL,USERCAL,USERCAL,USERCAL,META,META,META,META,META,META,META
Obs#,Time,Date,configName,configAuthor,remark,tree,treatment,fire,gsw,gbw,gtw,E_apparent,VPcham,VPref,VPleaf,VPDleaf,H2O_r,H2O_s,H2O_leaf,leaf_area,flashID,Fo,Fm,Fv/Fm,Fs,Fm',PhiPS2,PS2/1,abs,ETR,rh_s,rh_r,Tref,Tleaf,P_atm,flow,flow_s,leak_pct,Qamb,batt,match_time,match_date,rh_adj,gsw1sec,gsw2sec,gsw4sec,flr1sec,flr2sec,flr4sec,auto,flow_set,gsw_limit,gsw_period,dark,flash_type,flash_intensity,modrate,flr_limit,flr_period,P1_dur,P2_dur,P3_dur,P1_Fmax,P2_ramp,P2_slp,P3_Fmax,P3_Pred,P3_DeltaF,v_humA,v_humB,v_flowIn,v_flowOut,v_temp,v_irt,v_pres,v_par,v_F,i_LED,b_rhr,m_rhr,span_rhr,b_rhs,m_rhs,span_rhs,z_flowIn,z_flowOut,z_quantum,z_flr,flashId,lciSerNum,lcpSerNum,lcfSerNum,lcrhSerNum,version,configUpdatedAt
,HHMMSS,YYYYMMDD,,,,,,,mol+1m-2s-1,mol+1m-2s-1,mol+1m-2s-1,mmol+1m-2s-1,kPa,kPa,kPa,kPa,mmol+1mol-1,mmol+1mol-1,mmol+1mol-1,cm+2,,,,,,,,,,umol+1m-2s-1,%,%,C,C,kPa,umol+1sec-1,umol+1sec-1,%,umol+1m-2s-1,V,HHMMSS,YYYYMMDD,%,,,,,,,,umol+1sec-1,(umol+1m-2s-1)s-1,s,,,umol+1m-2s-1,Hz,s-1,s,ms,ms,ms,,%,,,,,V,V,V,V,V,V,V,V,V,A,,,,,,,,,,,,,,,,,
1,12:35:02,5/4/2022,cleaveland_gsw,shane,,26,postbud,preburn,0.087958,2.915045,0.085382,2.044537,0.635357,0.588175,2.562078,1.926721,7.167557,7.742517,31.22172,0.441786,PSF-00338_20220504123502,0,0,0,87.088104,117.163536,0.256696,0.5,0.8,165.818756,29.94,27.72,18.38,21.43,82.06,155.9,149.3,4.2,1615,4.121,12:34:32,5/4/2022,0.17,0.001,0.001,0.018,1.625,11.431,14.021,1,150,0.005,2,0,rectangular,10000,500,-9999,-9999,55537,55537,55537,0,-9999,0,0,0,0,2.452082,2.450846,1.646528,0.819689,0.355564,0.034772,0.098732,1.565951,87.088104,0.000359,2.402767,-0.000071,1,2.398864,-0.000075,1,0.600175,0.600985,0.107103,0,PSF-00338_20220504123502,PFA-00366,PSA-00383,PSF-00338,RHS-00157,1.0.0,2022-05-04T17:21:59.417Z
2,12:35:17,5/4/2022,cleaveland_gsw,shane,,26,postbud,preburn,0.066111,2.915226,0.064645,1.67177,0.602779,0.564192,2.682322,2.079543,6.875783,7.346036,32.68932,0.441786,PSF-00338_20220504123517,0,0,0,68.046928,80.819611,0.158039,0.5,0.8,16.374884,28.28,26.47,18.45,22.18,82.06,155.9,154,1.2,259,4.119,12:34:32,5/4/2022,0.17,0.001,0.003,0.017,0.151,0.064,0.548,1,150,0.005,2,0,rectangular,10000,500,-9999,-9999,55537,55537,55537,0,-9999,0,0,0,0,2.450096,2.448253,1.646716,0.828032,0.354545,0.042315,0.100862,0.341099,68.046928,0.000362,2.402767,-0.000071,1,2.398864,-0.000075,1,0.600175,0.600985,0.107103,0,PSF-00338_20220504123517,PFA-00366,PSA-00383,PSF-00338,RHS-00157,1.0.0,2022-05-04T17:21:59.417Z
3,12:35:49,5/4/2022,cleaveland_gsw,shane,,26,postbud,preburn,0.047413,2.91414,0.046654,1.572278,0.615069,0.578746,3.31472,2.699651,7.051685,7.494263,40.387955,0.441786,PSF-00338_20220504123549,0,0,0,71.778419,76.751236,0.064791,0.5,0.8,54.577904,28.57,26.89,18.61,25.7,82.07,155.8,151.8,2.5,2106,4.066,12:34:32,5/4/2022,0.17,0,0.002,-9999,-1.049,-2.268,-9999,1,150,0.005,2,0,rectangular,10000,500,-9999,-9999,55537,55537,55537,0,-9999,0,0,0,0,2.450719,2.448672,1.645586,0.824161,0.352281,0.080656,0.105744,2.009475,71.778419,0.000355,2.402767,-0.000071,1,2.398864,-0.000075,1,0.600175,0.600985,0.107103,0,PSF-00338_20220504123549,PFA-00366,PSA-00383,PSF-00338,RHS-00157,1.0.0,2022-05-04T17:21:59.417Z
4,12:36:01,5/4/2022,cleaveland_gsw,shane,,26,postbud,preburn,0.090485,2.914979,0.087761,2.405035,0.626319,0.570801,2.828158,2.201839,6.954773,7.631223,34.45895,0.441786,PSF-00338_20220504123601,0,0,0,162.455673,171.093826,0.050488,0.5,0.8,40.984112,28.98,26.41,18.68,23.05,82.07,155.9,153.5,1.5,2029,4.118,12:34:32,5/4/2022,0.17,0.001,0.002,0.014,-6.821,-15.136,-35.818,1,150,0.005,2,0,rectangular,10000,500,-9999,-9999,55537,55537,55537,0,-9999,0,0,0,0,2.44995,2.449286,1.646459,0.827073,0.351358,0.049626,0.107412,1.940365,162.455673,0.000358,2.402767,-0.000071,1,2.398864,-0.000075,1,0.600175,0.600985,0.107103,0,PSF-00338_20220504123601,PFA-00366,PSA-00383,PSF-00338,RHS-00157,1.0.0,2022-05-04T17:21:59.417Z
5,12:36:15,5/4/2022,cleaveland_gsw,shane,,26,postbud,preburn,0.094534,2.91463,0.091564,2.943159,0.651166,0.583233,3.226728,2.575562,7.106785,7.934563,39.318211,0.441786,PSF-00338_20220504123615,0,0,0,74.16272,85.06572,0.128171,0.5,0.8,87.829002,29.99,26.86,18.75,25.25,82.07,155.8,152.8,1.9,1713,4.115,12:34:32,5/4/2022,0.17,0.003,0.003,0.012,-0.937,-1.802,-2.328,1,150,0.005,2,0,rectangular,10000,500,-9999,-9999,55537,55537,55537,0,-9999,0,0,0,0,2.450653,2.450835,1.646096,0.825906,0.350334,0.073879,0.109338,1.654644,74.16272,0.000357,2.402767,-0.000071,1,2.398864,-0.000075,1,0.600175,0.600985,0.107103,0,PSF-00338_20220504123615,PFA-00366,PSA-00383,PSF-00338,RHS-00157,1.0.0,2022-05-04T17:21:59.417Z
6,12:38:04,5/4/2022,cleaveland_gsw,shane,,126,postbud,preburn,0.027183,2.914002,0.026932,0.536816,0.546183,0.533764,2.155882,1.609699,6.500693,6.651946,26.256424,0.441786,PSF-00338_20220504123804,0,0,0,74.630859,107.26297,0.304225,0.5,0.8,73.024048,24.39,23.83,19.25,18.64,82.11,155.8,151.5,2.7,600,4.114,12:34:32,5/4/2022,0.17,0.001,0.003,0.014,-0.268,-3.775,4.361,1,150,0.005,2,0,rectangular,10000,500,-9999,-9999,55537,55537,55537,0,-9999,0,0,0,0,2.445725,2.441947,1.645442,0.823588,0.343426,-0.004717,0.124182,0.649186,74.630859,0.00037,2.402767,-0.000071,1,2.398864,-0.000075,1,0.600175,0.600985,0.107103,0,PSF-00338_20220504123804,PFA-00366,PSA-00383,PSF-00338,RHS-00157,1.0.0,2022-05-04T17:21:59.417Z
7,12:38:32,5/4/2022,cleaveland_gsw,shane,,126,postbud,preburn,0.038304,2.915298,0.037808,0.947061,0.57715,0.555269,2.594307,2.017158,6.762299,7.028769,31.594545,0.441786,PSF-00338_20220504123832,0,0,0,83.690285,104.331848,0.197845,0.5,0.8,67.573715,25.65,24.67,19.33,21.63,82.11,155.9,154,1.2,854,4.112,12:34:32,5/4/2022,0.17,0.002,0.004,0.034,-3.232,-1.248,7.924,1,150,0.005,2,0,rectangular,10000,500,-9999,-9999,55537,55537,55537,0,-9999,0,0,0,0,2.447061,2.443933,1.646792,0.827991,0.34234,0.026806,0.127645,0.878446,83.690285,0.000366,2.402767,-0.000071,1,2.398864,-0.000075,1,0.600175,0.600985,0.107103,0,PSF-00338_20220504123832,PFA-00366,PSA-00383,PSF-00338,RHS-00157,1.0.0,2022-05-04T17:21:59.417Z
8,12:38:50,5/4/2022,cleaveland_gsw,shane,,126,postbud,preburn,0.048877,2.915218,0.048071,1.0089,0.57687,0.55356,2.270363,1.693492,6.741458,7.025345,27.649332,0.441786,PSF-00338_20220504123850,0,0,0,116.253372,196.824783,0.409356,0.5,0.8,75.31234,25.55,24.51,19.38,19.47,82.11,155.9,154.2,1.1,460,4.112,12:34:32,5/4/2022,0.17,0.001,0.003,0.03,3.003,-8.388,-4.269,1,150,0.005,2,0,rectangular,10000,500,-9999,-9999,55537,55537,55537,0,-9999,0,0,0,0,2.446792,2.443763,1.646709,0.828404,0.341578,0.002697,0.129857,0.522593,116.253372,0.00037,2.402767,-0.000071,1,2.398864,-0.000075,1,0.600175,0.600985,0.107103,0,PSF-00338_20220504123850,PFA-00366,PSA-00383,PSF-00338,RHS-00157,1.0.0,2022-05-04T17:21:59.417Z
9,12:39:03,5/4/2022,cleaveland_gsw,shane,,126,postbud,preburn,0.031615,2.913783,0.031276,0.659997,0.547987,0.532715,2.25134,1.703353,6.487225,6.673212,27.416082,0.441786,PSF-00338_20220504123903,0,0,0,82.596657,114.655136,0.279608,0.5,0.8,113.749672,24.23,23.55,19.41,19.33,82.12,155.7,150.7,3.2,1017,4.111,12:34:32,5/4/2022,0.17,0.001,0.001,0.023,1.075,-3.009,2.765,1,150,0.005,2,0,rectangular,10000,500,-9999,-9999,55537,55537,55537,0,-9999,0,0,0,0,2.445241,2.441659,1.645215,0.822074,0.341234,0.000977,0.131353,1.025851,82.596657,0.000372,2.402767,-0.000071,1,2.398864,-0.000075,1,0.600175,0.600985,0.107103,0,PSF-00338_20220504123903,PFA-00366,PSA-00383,PSF-00338,RHS-00157,1.0.0,2022-05-04T17:21:59.417Z
10,12:39:28,5/4/2022,cleaveland_gsw,shane,,126,postbud,preburn,0.045008,2.916237,0.044324,0.838044,0.541994,0.522638,2.069859,1.527864,6.364784,6.600507,25.207134,0.441786,PSF-00338_20220504123928,0,0,0,95.250961,186.948181,0.490495,0.5,0.8,122.797012,23.9,23.05,19.45,17.99,82.11,156,152.7,2.2,626,4.106,12:34:32,5/4/2022,0.17,0.002,0.005,0.016,-7.628,-4.71,-5.892,1,150,0.005,2,0,rectangular,10000,500,-9999,-9999,55537,55537,55537,0,-9999,0,0,0,0,2.444419,2.441131,1.647773,0.825603,0.340684,-0.013733,0.134331,0.672493,95.250961,0.000376,2.402767,-0.000071,1,2.398864,-0.000075,1,0.600175,0.600985,0.107103,0,PSF-00338_20220504123928,PFA-00366,PSA-00383,PSF-00338,RHS-00157,1.0.0,2022-05-04T17:21:59.417Z
11,12:42:35,5/4/2022,cleaveland_gsw,shane,,216,postbud,preburn,0.05835,2.915579,0.057205,1.157224,0.524585,0.497875,2.156235,1.63165,6.071812,6.397548,26.29627,0.441786,PSF-00338_20220504124235,0,0,0,118.091942,263.554565,0.551926,0.5,0.8,24.007607,22.37,21.23,19.99,18.64,82,155.9,153.1,1.8,109,4.105,12:34:32,5/4/2022,0.17,0.002,0.003,0.015,10.398,14.243,15.608,1,150,0.005,2,0,rectangular,10000,500,-9999,-9999,55537,55537,55537,0,-9999,0,0,0,0,2.441347,2.438554,1.647085,0.826415,0.333319,-0.012694,0.156691,0.205337,118.091942,0.000374,2.402767,-0.000071,1,2.398864,-0.000075,1,0.600175,0.600985,0.107103,0,PSF-00338_20220504124235,PFA-00366,PSA-00383,PSF-00338,RHS-00157,1.0.0,2022-05-04T17:21:59.417Z
12,12:42:49,5/4/2022,cleaveland_gsw,shane,,216,postbud,preburn,0.105546,2.915326,0.101858,2.174805,0.549512,0.499321,2.270184,1.720672,6.089411,6.701511,27.685762,0.441786,PSF-00338_20220504124249,0,0,0,85.607887,146.312363,0.414896,0.5,0.8,21.099865,23.39,21.26,20.02,19.47,82,155.9,151.8,2.6,127,4.053,12:34:32,5/4/2022,0.17,-0.001,0.001,0.014,5.63,0.364,-1.18,1,150,0.005,2,0,rectangular,10000,500,-9999,-9999,55537,55537,55537,0,-9999,0,0,0,0,2.441386,2.440205,1.646821,0.824134,0.332962,-0.004184,0.158105,0.221954,85.607887,0.000376,2.402767,-0.000071,1,2.398864,-0.000075,1,0.600175,0.600985,0.107103,0,PSF-00338_20220504124249,PFA-00366,PSA-00383,PSF-00338,RHS-00157,1.0.0,2022-05-04T17:21:59.417Z
13,12:43:04,5/4/2022,cleaveland_gsw,shane,,216,postbud,preburn,0.089233,2.916046,0.086584,2.40172,0.547106,0.491712,2.7754,2.228293,5.997015,6.672619,33.849327,0.441786,PSF-00338_20220504124304,0,0,0,58.036922,104.837181,0.446409,0.5,0.8,119.492737,23.24,20.89,20.05,22.74,81.99,156,149.5,4.2,669,4.105,12:34:32,5/4/2022,0.17,0,0,-9999,1.059,3.586,-9999,1,150,0.005,2,0,rectangular,10000,500,-9999,-9999,55537,55537,55537,0,-9999,0,0,0,0,2.440775,2.439956,1.647573,0.819955,0.332515,0.031172,0.159786,0.711614,58.036922,0.000363,2.402767,-0.000071,1,2.398864,-0.000075,1,0.600175,0.600985,0.107103,0,PSF-00338_20220504124304,PFA-00366,PSA-00383,PSF-00338,RHS-00157,1.0.0,2022-05-04T17:21:59.417Z
14,12:43:18,5/4/2022,cleaveland_gsw,shane,,216,postbud,preburn,0.073729,2.915451,0.071911,2.162367,0.557361,0.507468,2.969952,2.412591,6.188959,6.79744,36.220802,0.441786,PSF-00338_20220504124318,0,0,0,91.962219,104.62439,0.121025,0.5,0.8,68.701187,23.62,21.5,20.09,23.86,82,155.9,153.7,1.4,1419,4.104,12:34:32,5/4/2022,0.17,0.002,0,0.024,0.375,14.527,10.28,1,150,0.005,2,0,rectangular,10000,500,-9999,-9999,55537,55537,55537,0,-9999,0,0,0,0,2.441779,2.440552,1.646951,0.827483,0.33196,0.043293,0.161311,1.389093,91.962219,0.000355,2.402767,-0.000071,1,2.398864,-0.000075,1,0.600175,0.600985,0.107103,0,PSF-00338_20220504124318,PFA-00366,PSA-00383,PSF-00338,RHS-00157,1.0.0,2022-05-04T17:21:59.417Z
15,12:43:31,5/4/2022,cleaveland_gsw,shane,,216,postbud,preburn,0.054128,2.91629,0.053141,1.802992,0.551352,0.509777,3.268394,2.717042,6.217402,6.72446,39.862354,0.441786,PSF-00338_20220504124331,0,0,0,66.525223,76.776268,0.133518,0.5,0.8,93.732292,23.3,21.54,20.14,25.46,81.99,156,142.1,8.9,1755,4.1,12:34:32,5/4/2022,0.17,0.001,0.002,-9999,0.052,0.038,-9999,1,150,0.005,2,0,rectangular,10000,500,-9999,-9999,55537,55537,55537,0,-9999,0,0,0,0,2.44183,2.440026,1.647827,0.806965,0.331341,0.06105,0.162671,1.692521,66.525223,0.000362,2.402767,-0.000071,1,2.398864,-0.000075,1,0.600175,0.600985,0.107103,0,PSF-00338_20220504124331,PFA-00366,PSA-00383,PSF-00338,RHS-00157,1.0.0,2022-05-04T17:21:59.417Z
16,12:46:52,5/4/2022,cleaveland_gsw,shane,,977,postbud,preburn,0.036744,2.915499,0.036287,0.869073,0.587785,0.567778,2.510852,1.923067,6.93728,7.18173,30.678318,0.441786,PSF-00338_20220504124652,0,0,0,77.866676,103.965637,0.251034,0.5,0.8,80.669121,23.39,22.59,21.11,21.1,81.84,155.9,144.1,7.6,803,4.098,12:46:22,5/4/2022,0.11,0.002,0.001,0.013,-10.974,-3.98,-2.848,1,150,0.005,2,0,rectangular,10000,500,-9999,-9999,55537,55537,55537,0,-9999,0,0,0,0,2.443379,2.440091,1.647001,0.810567,0.318631,0.001498,0.184035,0.832824,77.866676,0.000372,2.402767,-0.000071,1,2.398864,-0.000075,1,0.600175,0.600985,0.107103,0,PSF-00338_20220504124652,PFA-00366,PSA-00383,PSF-00338,RHS-00157,1.0.0,2022-05-04T17:21:59.417Z
17,12:47:07,5/4/2022,cleaveland_gsw,shane,,977,postbud,preburn,0.027317,2.915732,0.027063,0.790559,0.597651,0.579457,2.936924,2.339272,7.079737,7.302035,35.882988,0.441786,PSF-00338_20220504124707,0,0,0,67.591667,79.620125,0.151073,0.5,0.8,79.32486,23.67,22.95,21.19,23.67,81.85,156,133.9,14.2,1313,4.098,12:46:22,5/4/2022,0.11,0.001,0.002,-9999,-0.776,-1.241,-9999,1,150,0.005,2,0,rectangular,10000,500,-9999,-9999,55537,55537,55537,0,-9999,0,0,0,0,2.443943,2.440527,1.647245,0.792827,0.317654,0.029119,0.185532,1.292921,67.591667,0.000371,2.402767,-0.000071,1,2.398864,-0.000075,1,0.600175,0.600985,0.107103,0,PSF-00338_20220504124707,PFA-00366,PSA-00383,PSF-00338,RHS-00157,1.0.0,2022-05-04T17:21:59.417Z
18,12:47:25,5/4/2022,cleaveland_gsw,shane,,977,postbud,preburn,0.040832,2.914345,0.040268,0.967178,0.613401,0.591123,2.541286,1.927885,7.222648,7.494853,31.050745,0.441786,PSF-00338_20220504124725,0,0,0,96.57061,136.800522,0.294077,0.5,0.8,117.535599,24.17,23.29,21.27,21.29,81.84,155.8,147.7,5.2,999,4.097,12:46:22,5/4/2022,0.11,0,-0.001,-9999,7.504,0.613,-9999,1,150,0.005,2,0,rectangular,10000,500,-9999,-9999,55537,55537,55537,0,-9999,0,0,0,0,2.444487,2.441317,1.645799,0.816871,0.316629,0.001918,0.18726,1.00972,96.57061,0.000371,2.402767,-0.000071,1,2.398864,-0.000075,1,0.600175,0.600985,0.107103,0,PSF-00338_20220504124725,PFA-00366,PSA-00383,PSF-00338,RHS-00157,1.0.0,2022-05-04T17:21:59.417Z
19,12:47:43,5/4/2022,cleaveland_gsw,shane,,977,postbud,preburn,0.037386,2.915219,0.036913,1.009955,0.575165,0.551906,2.768768,2.193602,6.743182,7.027365,33.828789,0.441786,PSF-00338_20220504124743,0,0,0,76.459412,99.236008,0.229519,0.5,0.8,155.38147,22.58,21.67,21.33,22.7,81.85,155.9,145.6,6.6,1692,4.097,12:46:22,5/4/2022,0.11,0,0.001,0.013,2.545,2.435,-10.237,1,150,0.005,2,0,rectangular,10000,500,-9999,-9999,55537,55537,55537,0,-9999,0,0,0,0,2.441845,2.438762,1.646709,0.81311,0.315886,0.016716,0.189028,1.63599,76.459412,0.000372,2.402767,-0.000071,1,2.398864,-0.000075,1,0.600175,0.600985,0.107103,0,PSF-00338_20220504124743,PFA-00366,PSA-00383,PSF-00338,RHS-00157,1.0.0,2022-05-04T17:21:59.417Z
20,12:47:56,5/4/2022,cleaveland_gsw,shane,,977,postbud,preburn,0.030255,2.915944,0.029945,0.7904,0.580931,0.56274,2.698056,2.117125,6.875467,7.09773,32.964432,0.441786,PSF-00338_20220504124756,0,0,0,69.135902,98.22464,0.296145,0.5,0.8,131.351913,22.75,22.04,21.37,22.27,81.85,156,149.3,4.3,1109,4.093,12:46:22,5/4/2022,0.11,0,0.001,-9999,1.032,1.629,-9999,1,150,0.005,2,0,rectangular,10000,500,-9999,-9999,55537,55537,55537,0,-9999,0,0,0,0,2.44244,2.439027,1.647466,0.819589,0.315362,0.011558,0.190206,1.10878,69.135902,0.000372,2.402767,-0.000071,1,2.398864,-0.000075,1,0.600175,0.600985,0.107103,0,PSF-00338_20220504124756,PFA-00366,PSA-00383,PSF-00338,RHS-00157,1.0.0,2022-05-04T17:21:59.417Z
21,12:51:38,5/4/2022,cleaveland_gsw,shane,,59,postbud,preburn,0.084914,2.915437,0.08251,2.322096,0.524772,0.471285,2.781011,2.256239,5.75979,6.413478,33.988026,0.441786,PSF-00338_20220504125138,0,0,0,77.397469,89.183449,0.132154,0.5,0.8,78.691635,20.07,18.02,21.76,22.77,81.82,155.9,151.3,3,1489,4.091,12:46:22,5/4/2022,0.11,0.001,0.002,0.009,-0.736,0.346,0.192,1,150,0.005,2,0,rectangular,10000,500,-9999,-9999,55537,55537,55537,0,-9999,0,0,0,0,2.435723,2.434592,1.646937,0.823149,0.310467,0.012771,0.212592,1.451857,77.397469,0.00037,2.402767,-0.000071,1,2.398864,-0.000075,1,0.600175,0.600985,0.107103,0,PSF-00338_20220504125138,PFA-00366,PSA-00383,PSF-00338,RHS-00157,1.0.0,2022-05-04T17:21:59.417Z
22,12:51:52,5/4/2022,cleaveland_gsw,shane,,59,postbud,preburn,0.069033,2.915011,0.067436,1.771766,0.531111,0.490292,2.639107,2.107996,5.992413,6.491307,32.255531,0.441786,PSF-00338_20220504125152,0,0,0,94.245316,118.165253,0.202428,0.5,0.8,133.879105,20.3,18.74,21.77,21.91,81.82,155.9,151.5,2.8,1653,4.091,12:46:22,5/4/2022,0.11,0.002,0.004,0.014,-6.873,-6.259,-3.106,1,150,0.005,2,0,rectangular,10000,500,-9999,-9999,55537,55537,55537,0,-9999,0,0,0,0,2.436933,2.434977,1.646493,0.82354,0.310388,0.00322,0.213922,1.600716,94.245316,0.000379,2.402767,-0.000071,1,2.398864,-0.000075,1,0.600175,0.600985,0.107103,0,PSF-00338_20220504125152,PFA-00366,PSA-00383,PSF-00338,RHS-00157,1.0.0,2022-05-04T17:21:59.417Z
23,12:52:07,5/4/2022,cleaveland_gsw,shane,,59,postbud,preburn,0.122234,2.915856,0.117316,3.547602,0.556557,0.474899,2.977487,2.42093,5.803837,6.801796,36.388477,0.441786,PSF-00338_20220504125207,0,0,0,174.439789,181.424622,0.0385,0.5,0.8,31.300602,21.27,18.15,21.77,23.9,81.82,156,152.7,2.1,2033,4.091,12:46:22,5/4/2022,0.11,0.002,0.003,0.018,-9.216,-21.06,-47.127,1,150,0.005,2,0,rectangular,10000,500,-9999,-9999,55537,55537,55537,0,-9999,0,0,0,0,2.435934,2.436556,1.647374,0.825604,0.310329,0.025249,0.21536,1.94317,174.439789,0.000369,2.402767,-0.000071,1,2.398864,-0.000075,1,0.600175,0.600985,0.107103,0,PSF-00338_20220504125207,PFA-00366,PSA-00383,PSF-00338,RHS-00157,1.0.0,2022-05-04T17:21:59.417Z
24,12:52:19,5/4/2022,cleaveland_gsw,shane,,59,postbud,preburn,0.054539,2.913932,0.053537,1.520482,0.514485,0.479417,2.791377,2.276892,5.859176,6.287764,34.114716,0.441786,PSF-00338_20220504125219,0,0,0,78.876968,91.816307,0.140926,0.5,0.8,98.767349,19.65,18.31,21.78,22.83,81.82,155.7,137,12,1752,4.084,12:46:22,5/4/2022,0.11,0.002,0.003,0.021,-1.634,-2.077,1.374,1,150,0.005,2,0,rectangular,10000,500,-9999,-9999,55537,55537,55537,0,-9999,0,0,0,0,2.436208,2.433901,1.64537,0.798208,0.310224,0.013236,0.216458,1.689869,78.876968,0.000372,2.402767,-0.000071,1,2.398864,-0.000075,1,0.600175,0.600985,0.107103,0,PSF-00338_20220504125219,PFA-00366,PSA-00383,PSF-00338,RHS-00157,1.0.0,2022-05-04T17:21:59.417Z
25,12:52:38,5/4/2022,cleaveland_gsw,shane,,59,postbud,preburn,0.118736,2.915455,0.114089,3.301747,0.546472,0.470437,2.865205,2.318732,5.749117,6.678324,35.015072,0.441786,PSF-00338_20220504125238,0,0,0,66.664696,102.268341,0.348139,0.5,0.8,105.450272,20.86,17.96,21.79,23.26,81.83,155.9,152.5,2.2,757,4.086,12:46:22,5/4/2022,0.11,0.002,0.003,0.017,-0.269,0.3,-7.848,1,150,0.005,2,0,rectangular,10000,500,-9999,-9999,55537,55537,55537,0,-9999,0,0,0,0,2.435604,2.43588,1.646955,0.825353,0.310063,0.017884,0.218379,0.791157,66.664696,0.000374,2.402767,-0.000071,1,2.398864,-0.000075,1,0.600175,0.600985,0.107103,0,PSF-00338_20220504125238,PFA-00366,PSA-00383,PSF-00338,RHS-00157,1.0.0,2022-05-04T17:21:59.417Z
26,12:56:09,5/4/2022,cleaveland_gsw,shane,,208,postbud,preburn,0.083459,2.915109,0.081136,2.196016,0.525097,0.474468,2.697565,2.172468,5.794831,6.413187,32.946259,0.441786,PSF-00338_20220504125609,0,0,0,79.19133,83.50325,0.051638,0.5,0.8,32.708588,19.8,17.89,21.99,22.27,81.88,155.9,139.5,10.5,1584,4.032,12:46:22,5/4/2022,0.11,0,-0.002,0.034,-0.889,13.171,9.582,1,150,0.005,2,0,rectangular,10000,500,-9999,-9999,55537,55537,55537,0,-9999,0,0,0,0,2.435471,2.434118,1.646595,0.80244,0.307637,0.004721,0.238287,1.53761,79.19133,0.00036,2.402767,-0.000071,1,2.398864,-0.000075,1,0.600175,0.600985,0.107103,0,PSF-00338_20220504125609,PFA-00366,PSA-00383,PSF-00338,RHS-00157,1.0.0,2022-05-04T17:21:59.417Z
27,12:56:25,5/4/2022,cleaveland_gsw,shane,,208,postbud,preburn,0.103309,2.916199,0.099774,2.865067,0.558953,0.492984,2.860952,2.301999,6.021142,6.826863,34.942707,0.441786,PSF-00338_20220504125625,0,0,0,66.120743,72.620628,0.089505,0.5,0.8,59.50713,21.07,18.58,22,23.24,81.88,156,150.8,3.3,1662,4.084,12:46:22,5/4/2022,0.11,0.002,0.004,-9999,-0.144,-0.488,-9999,1,150,0.005,2,0,rectangular,10000,500,-9999,-9999,55537,55537,55537,0,-9999,0,0,0,0,2.436622,2.436185,1.647733,0.822301,0.307495,0.015318,0.239632,1.608581,66.120743,0.000371,2.402767,-0.000071,1,2.398864,-0.000075,1,0.600175,0.600985,0.107103,0,PSF-00338_20220504125625,PFA-00366,PSA-00383,PSF-00338,RHS-00157,1.0.0,2022-05-04T17:21:59.417Z
28,12:57:11,5/4/2022,cleaveland_gsw,shane,,208,postbud,preburn,0.074736,2.915834,0.072868,2.317943,0.52275,0.469336,3.070272,2.547523,5.731872,6.384206,37.496418,0.441786,PSF-00338_20220504125711,0,0,0,68.144203,71.957588,0.052995,0.5,0.8,6.658381,19.63,17.63,22.06,24.41,81.88,156,154.6,0.9,314,4.083,12:56:50,5/4/2022,0.09,0,0,-9999,-0.132,-1.022,-9999,1,150,0.005,2,0,rectangular,10000,500,-9999,-9999,55537,55537,55537,0,-9999,0,0,0,0,2.435009,2.433858,1.647352,0.829139,0.306792,0.027835,0.243908,0.390849,68.144203,0.00036,2.402767,-0.000071,1,2.398864,-0.000075,1,0.600175,0.600985,0.107103,0,PSF-00338_20220504125711,PFA-00366,PSA-00383,PSF-00338,RHS-00157,1.0.0,2022-05-04T17:21:59.417Z
29,12:57:32,5/4/2022,cleaveland_gsw,shane,,208,postbud,preburn,0.140135,2.917056,0.133712,3.433916,0.539212,0.46017,2.601806,2.062594,5.619713,6.584991,31.773903,0.441786,PSF-00338_20220504125732,0,0,0,75.434807,93.564034,0.193763,0.5,0.8,98.482346,20.23,17.27,22.07,21.68,81.89,156.1,153.7,1.5,1271,4.082,12:56:50,5/4/2022,0.09,0.002,0.002,0.01,-1.532,-2.223,-14.602,1,150,0.005,2,0,rectangular,10000,500,-9999,-9999,55537,55537,55537,0,-9999,0,0,0,0,2.4344,2.434847,1.648629,0.827515,0.306632,-0.002669,0.245681,1.254949,75.434807,0.000376,2.402767,-0.000071,1,2.398864,-0.000075,1,0.600175,0.600985,0.107103,0,PSF-00338_20220504125732,PFA-00366,PSA-00383,PSF-00338,RHS-00157,1.0.0,2022-05-04T17:21:59.417Z
30,12:57:48,5/4/2022,cleaveland_gsw,shane,,208,postbud,preburn,0.061488,2.915261,0.060218,1.483887,0.504224,0.470007,2.485101,1.980876,5.7401,6.157991,30.350056,0.441786,PSF-00338_20220504125748,0,0,0,62.103153,76.435806,0.187512,0.5,0.8,36.413338,18.93,17.64,22.06,20.93,81.88,155.9,146,6.4,485,4.079,12:56:50,5/4/2022,0.09,0.002,0.004,0.018,0.438,-0.011,0.502,1,150,0.005,2,0,rectangular,10000,500,-9999,-9999,55537,55537,55537,0,-9999,0,0,0,0,2.435038,2.432691,1.646754,0.813772,0.30671,-0.010736,0.247017,0.54566,62.103153,0.000369,2.402767,-0.000071,1,2.398864,-0.000075,1,0.600175,0.600985,0.107103,0,PSF-00338_20220504125748,PFA-00366,PSA-00383,PSF-00338,RHS-00157,1.0.0,2022-05-04T17:21:59.417Z
31,13:00:54,5/4/2022,cleaveland_gsw,shane,,198,postbud,preburn,0.017863,2.916917,0.017754,0.378323,0.500118,0.491394,2.218209,1.71809,5.993543,6.099954,27.055534,0.441786,PSF-00338_20220504130054,0,0,0,123.736023,221.256851,0.440758,0.5,0.8,23.175957,18.88,18.55,21.97,19.09,81.99,156.1,142.4,8.8,131,4.078,12:56:50,5/4/2022,0.09,-0.001,0,0.017,0.437,-0.755,5.157,1,150,0.005,2,0,rectangular,10000,500,-9999,-9999,55537,55537,55537,0,-9999,0,0,0,0,2.436574,2.43262,1.648483,0.80751,0.307812,-0.029415,0.262697,0.225853,123.736023,0.000366,2.402767,-0.000071,1,2.398864,-0.000075,1,0.600175,0.600985,0.107103,0,PSF-00338_20220504130054,PFA-00366,PSA-00383,PSF-00338,RHS-00157,1.0.0,2022-05-04T17:21:59.417Z
32,13:01:10,5/4/2022,cleaveland_gsw,shane,,198,postbud,preburn,0.041455,2.915199,0.040873,0.964102,0.49393,0.471665,2.393799,1.899869,5.752752,6.024311,29.196413,0.441786,PSF-00338_20220504130110,0,0,0,92.455032,147.040848,0.371229,0.5,0.8,23.805313,18.66,17.82,21.96,20.32,81.99,155.9,143.3,8.1,160,4.077,12:56:50,5/4/2022,0.09,0,0.001,0.015,0.109,3.22,5.301,1,150,0.005,2,0,rectangular,10000,500,-9999,-9999,55537,55537,55537,0,-9999,0,0,0,0,2.43535,2.432261,1.646689,0.809119,0.307995,-0.016144,0.263927,0.251923,92.455032,0.000373,2.402767,-0.000071,1,2.398864,-0.000075,1,0.600175,0.600985,0.107103,0,PSF-00338_20220504130110,PFA-00366,PSA-00383,PSF-00338,RHS-00157,1.0.0,2022-05-04T17:21:59.417Z
33,13:01:31,5/4/2022,cleaveland_gsw,shane,,198,postbud,preburn,0.034466,2.915384,0.034063,0.725796,0.504739,0.487982,2.222644,1.717905,5.951833,6.156212,27.109211,0.441786,PSF-00338_20220504130131,0,0,0,144.927628,323.520538,0.55203,0.5,0.8,46.28162,19.09,18.46,21.94,19.13,81.99,155.9,130.5,16.3,210,4.077,12:56:50,5/4/2022,0.09,-0.001,0.002,-9999,39.106,25.318,-9999,1,150,0.005,2,0,rectangular,10000,500,-9999,-9999,55537,55537,55537,0,-9999,0,0,0,0,2.43643,2.432983,1.646882,0.787166,0.308246,-0.028691,0.265741,0.296443,144.927628,0.000376,2.402767,-0.000071,1,2.398864,-0.000075,1,0.600175,0.600985,0.107103,0,PSF-00338_20220504130131,PFA-00366,PSA-00383,PSF-00338,RHS-00157,1.0.0,2022-05-04T17:21:59.417Z
34,13:01:46,5/4/2022,cleaveland_gsw,shane,,198,postbud,preburn,0.043722,2.913844,0.043076,0.985829,0.50413,0.481343,2.347797,1.843667,5.87115,6.14909,28.637083,0.441786,PSF-00338_20220504130146,0,0,0,116.206528,190.959686,0.39146,0.5,0.8,41.595306,19.09,18.23,21.92,20.01,81.98,155.7,143.9,7.6,266,4.076,12:56:50,5/4/2022,0.09,0.001,0.002,-9999,9.674,5.411,-9999,1,150,0.005,2,0,rectangular,10000,500,-9999,-9999,55537,55537,55537,0,-9999,0,0,0,0,2.436048,2.432986,1.645279,0.810097,0.308492,-0.019072,0.26703,0.34707,116.206528,0.00037,2.402767,-0.000071,1,2.398864,-0.000075,1,0.600175,0.600985,0.107103,0,PSF-00338_20220504130146,PFA-00366,PSA-00383,PSF-00338,RHS-00157,1.0.0,2022-05-04T17:21:59.417Z
35,13:02:30,5/4/2022,cleaveland_gsw,shane,,198,postbud,preburn,0.037205,2.915571,0.036736,0.790385,0.47089,0.452638,2.20607,1.73518,5.520832,5.743458,26.907478,0.441786,PSF-00338_20220504130230,0,0,0,142.251495,320.932739,0.556756,0.5,0.8,27.376862,17.9,17.21,21.86,19.01,81.99,155.9,130.9,16.1,123,4.074,12:56:50,5/4/2022,0.09,0,0.001,0.01,0.628,-1.818,-1.812,1,150,0.005,2,0,rectangular,10000,500,-9999,-9999,55537,55537,55537,0,-9999,0,0,0,0,2.434322,2.431001,1.647077,0.787754,0.30923,-0.029096,0.270478,0.218152,142.251495,0.000378,2.402767,-0.000071,1,2.398864,-0.000075,1,0.600175,0.600985,0.107103,0,PSF-00338_20220504130230,PFA-00366,PSA-00383,PSF-00338,RHS-00157,1.0.0,2022-05-04T17:21:59.417Z
36,13:04:17,5/4/2022,cleaveland_gsw,shane,,47,postbud,preburn,0.083907,2.915464,0.08156,2.033162,0.479271,0.432308,2.486609,2.007338,5.271601,5.844268,30.321907,0.441786,PSF-00338_20220504130417,0,0,0,81.690071,127.377029,0.358675,0.5,0.8,239.961792,18.39,16.59,21.7,20.94,82.01,155.9,148.7,4.6,1673,4.073,12:56:50,5/4/2022,0.09,0.001,0.004,0.018,6.026,-7.905,6.525,1,150,0.005,2,0,rectangular,10000,500,-9999,-9999,55537,55537,55537,0,-9999,0,0,0,0,2.433295,2.431853,1.646965,0.818604,0.311181,-0.00667,0.278259,1.618006,81.690071,0.000375,2.402767,-0.000071,1,2.398864,-0.000075,1,0.600175,0.600985,0.107103,0,PSF-00338_20220504130417,PFA-00366,PSA-00383,PSF-00338,RHS-00157,1.0.0,2022-05-04T17:21:59.417Z
37,13:04:32,5/4/2022,cleaveland_gsw,shane,,47,postbud,preburn,0.100598,2.914676,0.097242,2.570486,0.50438,0.444987,2.630735,2.126355,5.426161,6.150397,32.079102,0.441786,PSF-00338_20220504130432,0,0,0,67.086342,104.772446,0.359695,0.5,0.8,18.170139,19.37,17.09,21.69,21.86,82.01,155.8,149.4,4.1,126,4.072,12:56:50,5/4/2022,0.09,-0.001,0.001,0.01,11.554,4.818,-7.409,1,150,0.005,2,0,rectangular,10000,500,-9999,-9999,55537,55537,55537,0,-9999,0,0,0,0,2.43415,2.433482,1.646144,0.81981,0.311327,0.003478,0.279455,0.221186,67.086342,0.000369,2.402767,-0.000071,1,2.398864,-0.000075,1,0.600175,0.600985,0.107103,0,PSF-00338_20220504130432,PFA-00366,PSA-00383,PSF-00338,RHS-00157,1.0.0,2022-05-04T17:21:59.417Z
38,13:04:42,5/4/2022,cleaveland_gsw,shane,,47,postbud,preburn,0.047843,2.915112,0.04707,1.425849,0.466077,0.433129,2.899174,2.433097,5.281769,5.683554,35.35384,0.441786,PSF-00338_20220504130442,0,0,0,67.092773,95.991257,0.301053,0.5,0.8,92.157516,17.9,16.64,21.69,23.46,82,155.9,91.7,41.2,765,4.072,12:56:50,5/4/2022,0.09,-9999,-9999,-9999,-9999,-9999,-9999,1,150,0.005,2,0,rectangular,10000,500,-9999,-9999,55537,55537,55537,0,-9999,0,0,0,0,2.433377,2.431033,1.646598,0.725647,0.311366,0.021215,0.280253,0.798429,67.092773,0.000369,2.402767,-0.000071,1,2.398864,-0.000075,1,0.600175,0.600985,0.107103,0,PSF-00338_20220504130442,PFA-00366,PSA-00383,PSF-00338,RHS-00157,1.0.0,2022-05-04T17:21:59.417Z
39,13:05:13,5/4/2022,cleaveland_gsw,shane,,47,postbud,preburn,0.074416,2.91627,0.072564,1.83371,0.478826,0.436498,2.513299,2.034474,5.322836,5.839,30.648216,0.441786,PSF-00338_20220504130513,0,0,0,70.045349,118.615868,0.409477,0.5,0.8,23.934881,18.41,16.78,21.67,21.11,82,156,133.7,14.3,146,4.071,12:56:50,5/4/2022,0.09,0.003,0.004,-9999,-9.638,-2.383,-9999,1,150,0.005,2,0,rectangular,10000,500,-9999,-9999,55537,55537,55537,0,-9999,0,0,0,0,2.43363,2.431888,1.647807,0.792551,0.311573,-0.004441,0.282894,0.23911,70.045349,0.000376,2.402767,-0.000071,1,2.398864,-0.000075,1,0.600175,0.600985,0.107103,0,PSF-00338_20220504130513,PFA-00366,PSA-00383,PSF-00338,RHS-00157,1.0.0,2022-05-04T17:21:59.417Z
40,13:05:29,5/4/2022,cleaveland_gsw,shane,,47,postbud,preburn,0.061259,2.915898,0.059999,1.920768,0.496966,0.452624,3.065279,2.568314,5.519333,6.06004,37.378262,0.441786,PSF-00338_20220504130529,0,0,0,65.951584,74.433449,0.113952,0.5,0.8,74.12458,19.1,17.39,21.68,24.39,82.01,156,153.3,1.7,1626,4.018,12:56:50,5/4/2022,0.09,0.001,0.003,-9999,0.001,-0.104,-9999,1,150,0.005,2,0,rectangular,10000,500,-9999,-9999,55537,55537,55537,0,-9999,0,0,0,0,2.434668,2.43303,1.647418,0.826749,0.31145,0.031697,0.284332,1.576146,65.951584,0.000369,2.402767,-0.000071,1,2.398864,-0.000075,1,0.600175,0.600985,0.107103,0,PSF-00338_20220504130529,PFA-00366,PSA-00383,PSF-00338,RHS-00157,1.0.0,2022-05-04T17:21:59.417Z
41,13:05:59,5/4/2022,cleaveland_gsw,shane,,47,postbud,preburn,0.101598,2.916261,0.098178,2.9831,0.487211,0.418362,2.926888,2.439676,5.101961,5.941582,35.693642,0.441786,PSF-00338_20220504130559,0,0,0,132.23613,147.756454,0.10504,0.5,0.8,22.272774,18.7,16.05,21.7,23.62,82,156,127.2,18.4,530,4.062,12:56:50,5/4/2022,0.09,0,0,-9999,-3.543,-8.171,-9999,1,150,0.005,2,0,rectangular,10000,500,-9999,-9999,55537,55537,55537,0,-9999,0,0,0,0,2.432374,2.432361,1.647797,0.7817,0.311175,0.02281,0.286807,0.585971,132.23613,0.000365,2.402767,-0.000071,1,2.398864,-0.000075,1,0.600175,0.600985,0.107103,0,PSF-00338_20220504130559,PFA-00366,PSA-00383,PSF-00338,RHS-00157,1.0.0,2022-05-04T17:21:59.417Z
42,13:12:33,5/4/2022,cleaveland_gsw,shane,,94,prebud,postburn,0.07879,2.917377,0.076718,2.183969,0.45787,0.407493,2.746528,2.288657,4.969559,5.583938,33.495159,0.441786,PSF-00338_20220504131233,0,0,0,82.124947,91.203331,0.09954,0.5,0.8,59.545948,17.22,15.33,22.03,22.57,82,156.2,149.5,4.2,1496,4.061,13:12:14,5/4/2022,0.1,0.002,0.003,0.029,-1.981,-3.257,-2.857,1,150,0.005,2,0,rectangular,10000,500,-9999,-9999,55537,55537,55537,0,-9999,0,0,0,0,2.431071,2.429824,1.648966,0.820056,0.307098,0.007498,0.317718,1.458086,82.124947,0.000364,2.402767,-0.000071,1,2.398864,-0.000075,1,0.600175,0.600985,0.107103,0,PSF-00338_20220504131233,PFA-00366,PSA-00383,PSF-00338,RHS-00157,1.0.0,2022-05-04T17:21:59.417Z
43,13:12:47,5/4/2022,cleaveland_gsw,shane,,94,prebud,postburn,0.084027,2.914008,0.081672,2.07218,0.457102,0.409174,2.500102,2.043,4.989915,5.574398,30.488955,0.441786,PSF-00338_20220504131247,0,0,0,89.804291,122.866989,0.269093,0.5,0.8,108.627396,17.18,15.38,22.04,21.03,82,155.8,151.9,2.5,1009,4.061,13:12:14,5/4/2022,0.1,0.002,0.004,0.019,0.45,0.839,2.336,1,150,0.005,2,0,rectangular,10000,500,-9999,-9999,55537,55537,55537,0,-9999,0,0,0,0,2.431165,2.429759,1.645449,0.824179,0.306991,-0.009424,0.318623,1.018761,89.804291,0.000371,2.402767,-0.000071,1,2.398864,-0.000075,1,0.600175,0.600985,0.107103,0,PSF-00338_20220504131247,PFA-00366,PSA-00383,PSF-00338,RHS-00157,1.0.0,2022-05-04T17:21:59.417Z
44,13:12:59,5/4/2022,cleaveland_gsw,shane,,94,prebud,postburn,0.082777,2.914613,0.080491,1.96699,0.45356,0.408086,2.422234,1.968674,4.976776,5.531349,29.540157,0.441786,PSF-00338_20220504131259,0,0,0,70.839645,102.321983,0.307679,0.5,0.8,115.041176,17.05,15.34,22.04,20.51,82,155.8,153.7,1.3,935,4.06,13:12:14,5/4/2022,0.1,0.003,0.004,-9999,-3.65,4.937,-9999,1,150,0.005,2,0,rectangular,10000,500,-9999,-9999,55537,55537,55537,0,-9999,0,0,0,0,2.431087,2.429526,1.646078,0.82752,0.306946,-0.015018,0.319487,0.951508,70.839645,0.000374,2.402767,-0.000071,1,2.398864,-0.000075,1,0.600175,0.600985,0.107103,0,PSF-00338_20220504131259,PFA-00366,PSA-00383,PSF-00338,RHS-00157,1.0.0,2022-05-04T17:21:59.417Z
45,13:13:28,5/4/2022,cleaveland_gsw,shane,,94,prebud,postburn,0.085238,2.915389,0.082816,1.912814,0.456363,0.41217,2.318266,1.861902,5.026489,5.565442,28.271708,0.441786,PSF-00338_20220504131328,0,0,0,98.879097,153.373001,0.355303,0.5,0.8,74.833366,17.18,15.52,22.02,19.8,82,155.9,147.7,5.2,527,4.06,13:12:14,5/4/2022,0.1,0.003,0.002,0.014,0.792,4.874,1.323,1,150,0.005,2,0,rectangular,10000,500,-9999,-9999,55537,55537,55537,0,-9999,0,0,0,0,2.4314,2.429754,1.646887,0.816889,0.307264,-0.022347,0.321532,0.582758,98.879097,0.000374,2.402767,-0.000071,1,2.398864,-0.000075,1,0.600175,0.600985,0.107103,0,PSF-00338_20220504131328,PFA-00366,PSA-00383,PSF-00338,RHS-00157,1.0.0,2022-05-04T17:21:59.417Z
46,13:13:48,5/4/2022,cleaveland_gsw,shane,,94,prebud,postburn,0.05664,2.914883,0.055561,1.677257,0.484262,0.445512,2.908237,2.423975,5.433549,5.906157,35.46944,0.441786,PSF-00338_20220504131348,0,0,0,77.677849,92.690346,0.161964,0.5,0.8,43.397411,18.25,16.79,22,23.51,81.99,155.9,147.9,5.1,670,4.058,13:12:14,5/4/2022,0.1,0.002,0.001,-9999,0.278,-1.301,-9999,1,150,0.005,2,0,rectangular,10000,500,-9999,-9999,55537,55537,55537,0,-9999,0,0,0,0,2.433596,2.431561,1.64636,0.817223,0.307506,0.018354,0.322786,0.712222,77.677849,0.000364,2.402767,-0.000071,1,2.398864,-0.000075,1,0.600175,0.600985,0.107103,0,PSF-00338_20220504131348,PFA-00366,PSA-00383,PSF-00338,RHS-00157,1.0.0,2022-05-04T17:21:59.417Z
47,13:15:50,5/4/2022,cleaveland_gsw,shane,,184,prebud,postburn,0.047744,2.916463,0.046975,1.365223,0.448216,0.416711,2.78339,2.335174,5.083961,5.468338,33.957966,0.441786,PSF-00338_20220504131550,0,0,0,70.600388,84.008934,0.159609,0.5,0.8,63.144146,16.83,15.65,22.06,22.79,81.97,156.1,150.2,3.8,989,4.057,13:12:14,5/4/2022,0.1,0.002,0.004,-9999,-1.482,-0.88,-9999,1,150,0.005,2,0,rectangular,10000,500,-9999,-9999,55537,55537,55537,0,-9999,0,0,0,0,2.431624,2.42916,1.648009,0.821222,0.306775,0.009635,0.331258,1.000558,70.600388,0.000366,2.402767,-0.000071,1,2.398864,-0.000075,1,0.600175,0.600985,0.107103,0,PSF-00338_20220504131550,PFA-00366,PSA-00383,PSF-00338,RHS-00157,1.0.0,2022-05-04T17:21:59.417Z
48,13:16:05,5/4/2022,cleaveland_gsw,shane,,184,prebud,postburn,0.044698,2.914453,0.044023,1.615196,0.45332,0.415987,3.390306,2.936986,5.074787,5.530233,41.359699,0.441786,PSF-00338_20220504131605,0,0,0,67.913887,73.929192,0.081366,0.5,0.8,66.944374,17.01,15.61,22.07,26.08,81.97,155.8,146.6,5.9,2057,4.056,13:12:14,5/4/2022,0.1,0,0.002,-9999,1.545,0.534,-9999,1,150,0.005,2,0,rectangular,10000,500,-9999,-9999,55537,55537,55537,0,-9999,0,0,0,0,2.431548,2.429454,1.645911,0.814953,0.306575,0.046629,0.33218,1.965199,67.913887,0.000358,2.402767,-0.000071,1,2.398864,-0.000075,1,0.600175,0.600985,0.107103,0,PSF-00338_20220504131605,PFA-00366,PSA-00383,PSF-00338,RHS-00157,1.0.0,2022-05-04T17:21:59.417Z
49,13:16:18,5/4/2022,cleaveland_gsw,shane,,184,prebud,postburn,0.060593,2.914473,0.059359,1.457689,0.445588,0.411893,2.423318,1.977731,5.024938,5.436003,29.56357,0.441786,PSF-00338_20220504131618,0,0,0,94.148758,156.41391,0.398079,0.5,0.8,17.346745,16.71,15.45,22.08,20.52,81.97,155.8,135.7,12.9,109,4.056,13:12:14,5/4/2022,0.1,0,0.003,-9999,-25.13,-5.135,-9999,1,150,0.005,2,0,rectangular,10000,500,-9999,-9999,55537,55537,55537,0,-9999,0,0,0,0,2.431273,2.428951,1.645932,0.795884,0.306505,-0.015333,0.332945,0.205514,94.148758,0.000371,2.402767,-0.000071,1,2.398864,-0.000075,1,0.600175,0.600985,0.107103,0,PSF-00338_20220504131618,PFA-00366,PSA-00383,PSF-00338,RHS-00157,1.0.0,2022-05-04T17:21:59.417Z
50,13:16:29,5/4/2022,cleaveland_gsw,shane,,184,prebud,postburn,0.067359,2.914874,0.065837,1.613027,0.443781,0.406507,2.416981,1.9732,4.959319,5.414057,29.48679,0.441786,PSF-00338_20220504131629,0,0,0,103.749275,168.452744,0.384105,0.5,0.8,15.866211,16.65,15.25,22.07,20.48,81.97,155.9,151.5,2.8,103,4.003,13:12:14,5/4/2022,0.1,0.002,0.002,0.014,-8.036,-3.053,2.293,1,150,0.005,2,0,rectangular,10000,500,-9999,-9999,55537,55537,55537,0,-9999,0,0,0,0,2.430936,2.428851,1.64635,0.823598,0.306607,-0.015699,0.333625,0.20039,103.749275,0.000381,2.402767,-0.000071,1,2.398864,-0.000075,1,0.600175,0.600985,0.107103,0,PSF-00338_20220504131629,PFA-00366,PSA-00383,PSF-00338,RHS-00157,1.0.0,2022-05-04T17:21:59.417Z
51,13:16:41,5/4/2022,cleaveland_gsw,shane,,184,prebud,postburn,0.05741,2.915603,0.056302,1.348625,0.444947,0.413801,2.374633,1.929686,5.048245,5.428221,28.969805,0.441786,PSF-00338_20220504131641,0,0,0,110.020996,192.833664,0.429451,0.5,0.8,155.797058,16.71,15.54,22.06,20.19,81.97,155.9,140.8,9.7,907,4.055,13:12:14,5/4/2022,0.1,0,0.003,-9999,2.49,9.104,-9999,1,150,0.005,2,0,rectangular,10000,500,-9999,-9999,55537,55537,55537,0,-9999,0,0,0,0,2.431429,2.428945,1.647111,0.804807,0.306734,-0.018663,0.334259,0.926399,110.020996,0.000372,2.402767,-0.000071,1,2.398864,-0.000075,1,0.600175,0.600985,0.107103,0,PSF-00338_20220504131641,PFA-00366,PSA-00383,PSF-00338,RHS-00157,1.0.0,2022-05-04T17:21:59.417Z
52,13:16:55,5/4/2022,cleaveland_gsw,shane,,184,prebud,postburn,0.054775,2.915204,0.053765,1.681246,0.467013,0.428185,2.976264,2.509251,5.224004,5.697716,36.311398,0.441786,PSF-00338_20220504131655,0,0,0,78.645943,95.797775,0.179042,0.5,0.8,10.308965,17.55,16.09,22.05,23.9,81.96,155.9,145.9,6.4,144,4.054,13:12:14,5/4/2022,0.1,-0.001,0,-9999,1.923,3.509,-9999,1,150,0.005,2,0,rectangular,10000,500,-9999,-9999,55537,55537,55537,0,-9999,0,0,0,0,2.432383,2.430369,1.646694,0.813727,0.306872,0.022079,0.335151,0.237137,78.645943,0.000372,2.402767,-0.000071,1,2.398864,-0.000075,1,0.600175,0.600985,0.107103,0,PSF-00338_20220504131655,PFA-00366,PSA-00383,PSF-00338,RHS-00157,1.0.0,2022-05-04T17:21:59.417Z
53,13:18:09,5/4/2022,cleaveland_gsw,shane,,146,prebud,postburn,0.026131,2.915911,0.025899,0.751077,0.455655,0.438306,2.787033,2.331378,5.344301,5.555839,33.982513,0.441786,PSF-00338_20220504131809,0,0,0,67.041634,89.560387,0.251437,0.5,0.8,23.522062,17.08,16.43,22.09,22.81,82.01,156,146.7,6,234,4,13:12:14,5/4/2022,0.1,0.001,0.002,-9999,1.504,1.618,-9999,1,150,0.005,2,0,rectangular,10000,500,-9999,-9999,55537,55537,55537,0,-9999,0,0,0,0,2.432967,2.429578,1.647432,0.815005,0.306421,0.009556,0.340071,0.318375,67.041634,0.00037,2.402767,-0.000071,1,2.398864,-0.000075,1,0.600175,0.600985,0.107103,0,PSF-00338_20220504131809,PFA-00366,PSA-00383,PSF-00338,RHS-00157,1.0.0,2022-05-04T17:21:59.417Z
54,13:18:21,5/4/2022,cleaveland_gsw,shane,,146,prebud,postburn,0.035103,2.915759,0.034686,0.991336,0.433529,0.410621,2.732281,2.298752,5.006736,5.28605,33.314915,0.441786,PSF-00338_20220504131821,0,0,0,65.325737,90.817093,0.280689,0.5,0.8,23.607273,16.23,15.37,22.11,22.48,82.01,156,150.9,3.3,210,4.053,13:12:14,5/4/2022,0.1,0.001,0.002,-9999,2.348,3.149,-9999,1,150,0.005,2,0,rectangular,10000,500,-9999,-9999,55537,55537,55537,0,-9999,0,0,0,0,2.431144,2.428132,1.647273,0.8224,0.306183,0.005732,0.340726,0.297043,65.325737,0.000374,2.402767,-0.000071,1,2.398864,-0.000075,1,0.600175,0.600985,0.107103,0,PSF-00338_20220504131821,PFA-00366,PSA-00383,PSF-00338,RHS-00157,1.0.0,2022-05-04T17:21:59.417Z
55,13:18:34,5/4/2022,cleaveland_gsw,shane,,146,prebud,postburn,0.036244,2.917251,0.0358,0.914776,0.420415,0.399296,2.479278,2.058862,4.868097,5.12558,30.226616,0.441786,PSF-00338_20220504131834,0,0,0,72.324516,119.716644,0.395869,0.5,0.8,104.416565,15.73,14.94,22.12,20.89,82.02,156.2,150.5,3.6,659,4.053,13:12:14,5/4/2022,0.1,0,0,-9999,-0.588,5.225,-9999,1,150,0.005,2,0,rectangular,10000,500,-9999,-9999,55537,55537,55537,0,-9999,0,0,0,0,2.43038,2.427264,1.648833,0.821781,0.305996,-0.011787,0.341519,0.702783,72.324516,0.000374,2.402767,-0.000071,1,2.398864,-0.000075,1,0.600175,0.600985,0.107103,0,PSF-00338_20220504131834,PFA-00366,PSA-00383,PSF-00338,RHS-00157,1.0.0,2022-05-04T17:21:59.417Z
56,13:18:50,5/4/2022,cleaveland_gsw,shane,,146,prebud,postburn,0.054951,2.916746,0.053935,1.387241,0.42873,0.396697,2.500482,2.071752,4.837001,5.227584,30.48885,0.441786,PSF-00338_20220504131850,0,0,0,76.011658,106.930016,0.289146,0.5,0.8,25.806866,16.03,14.83,22.13,21.03,82.01,156.1,149.9,4,223,4.052,13:12:14,5/4/2022,0.1,-0.001,0.002,-9999,8.792,6.909,-9999,1,150,0.005,2,0,rectangular,10000,500,-9999,-9999,55537,55537,55537,0,-9999,0,0,0,0,2.430199,2.427785,1.648304,0.820744,0.305917,-0.010358,0.3426,0.308668,76.011658,0.000375,2.402767,-0.000071,1,2.398864,-0.000075,1,0.600175,0.600985,0.107103,0,PSF-00338_20220504131850,PFA-00366,PSA-00383,PSF-00338,RHS-00157,1.0.0,2022-05-04T17:21:59.417Z
57,13:19:04,5/4/2022,cleaveland_gsw,shane,,146,prebud,postburn,0.042933,2.915618,0.04231,1.014712,0.406316,0.382858,2.340282,1.933966,4.668218,4.954246,28.535246,0.441786,PSF-00338_20220504131904,0,0,0,79.427002,136.179321,0.416747,0.5,0.8,22.668097,15.2,14.32,22.13,19.96,82.01,156,135.1,13.4,136,4.048,13:12:14,5/4/2022,0.1,0,0.003,-9999,-5.996,-0.155,-9999,1,150,0.005,2,0,rectangular,10000,500,-9999,-9999,55537,55537,55537,0,-9999,0,0,0,0,2.429296,2.426347,1.647126,0.794923,0.305941,-0.021894,0.34343,0.229943,79.427002,0.000374,2.402767,-0.000071,1,2.398864,-0.000075,1,0.600175,0.600985,0.107103,0,PSF-00338_20220504131904,PFA-00366,PSA-00383,PSF-00338,RHS-00157,1.0.0,2022-05-04T17:21:59.417Z
58,13:23:11,5/4/2022,cleaveland_gsw,shane,,171,prebud,postburn,0.077975,2.917457,0.075945,2.350485,0.444556,0.390385,2.927722,2.483166,4.765524,5.42681,35.739449,0.441786,PSF-00338_20220504132311,0,0,0,78.82476,88.635567,0.110687,0.5,0.8,52.224598,16.09,14.13,22.66,23.62,81.92,156.2,146.8,6,1180,4.047,13:22:58,5/4/2022,0.1,0.001,0.003,-9999,0.249,-0.833,-9999,1,150,0.005,2,0,rectangular,10000,500,-9999,-9999,55537,55537,55537,0,-9999,0,0,0,0,2.4289,2.427816,1.649049,0.815172,0.299439,0.012237,0.35953,1.172654,78.82476,0.000363,2.402767,-0.000071,1,2.398864,-0.000075,1,0.600175,0.600985,0.107103,0,PSF-00338_20220504132311,PFA-00366,PSA-00383,PSF-00338,RHS-00157,1.0.0,2022-05-04T17:21:59.417Z
59,13:23:20,5/4/2022,cleaveland_gsw,shane,,171,prebud,postburn,0.040696,2.915755,0.040136,1.21351,0.416238,0.388225,2.843645,2.427407,4.739389,5.081374,34.714798,0.441786,PSF-00338_20220504132320,0,0,0,68.376663,83.935616,0.185368,0.5,0.8,102.05439,15.05,14.04,22.68,23.14,81.91,156,140.5,9.9,1376,4.046,13:22:58,5/4/2022,0.1,0.001,0.002,-9999,-0.472,0.102,-9999,1,150,0.005,2,0,rectangular,10000,500,-9999,-9999,55537,55537,55537,0,-9999,0,0,0,0,2.42874,2.426031,1.647268,0.80419,0.299267,0.006711,0.36,1.350453,68.376663,0.000367,2.402767,-0.000071,1,2.398864,-0.000075,1,0.600175,0.600985,0.107103,0,PSF-00338_20220504132320,PFA-00366,PSA-00383,PSF-00338,RHS-00157,1.0.0,2022-05-04T17:21:59.417Z
60,13:23:31,5/4/2022,cleaveland_gsw,shane,,171,prebud,postburn,0.060149,2.915096,0.058933,1.89419,0.440641,0.396903,3.017935,2.577295,4.845249,5.379176,36.841827,0.441786,PSF-00338_20220504132331,0,0,0,77.345612,91.630699,0.155898,0.5,0.8,68.278534,15.92,14.34,22.69,24.13,81.92,155.9,150.4,3.5,1095,4.046,13:22:58,5/4/2022,0.1,0.001,0.003,0.012,-0.468,-0.878,0.233,1,150,0.005,2,0,rectangular,10000,500,-9999,-9999,55537,55537,55537,0,-9999,0,0,0,0,2.429267,2.427522,1.646581,0.821616,0.299095,0.017561,0.36057,1.096198,77.345612,0.000371,2.402767,-0.000071,1,2.398864,-0.000075,1,0.600175,0.600985,0.107103,0,PSF-00338_20220504132331,PFA-00366,PSA-00383,PSF-00338,RHS-00157,1.0.0,2022-05-04T17:21:59.417Z
61,13:23:47,5/4/2022,cleaveland_gsw,shane,,171,prebud,postburn,0.077944,2.914337,0.075914,1.977244,0.460083,0.414414,2.554281,2.094198,5.059295,5.616832,31.183422,0.441786,PSF-00338_20220504132347,0,0,0,85.11972,174.128647,0.511168,0.5,0.8,91.326347,16.62,14.97,22.7,21.38,81.91,155.8,154.1,1.1,447,4.046,13:22:58,5/4/2022,0.1,0.001,0.003,0.011,-0.093,2.037,3.774,1,150,0.005,2,0,rectangular,10000,500,-9999,-9999,55537,55537,55537,0,-9999,0,0,0,0,2.430357,2.428703,1.645791,0.828181,0.298989,-0.012889,0.361487,0.510589,85.11972,0.000373,2.402767,-0.000071,1,2.398864,-0.000075,1,0.600175,0.600985,0.107103,0,PSF-00338_20220504132347,PFA-00366,PSA-00383,PSF-00338,RHS-00157,1.0.0,2022-05-04T17:21:59.417Z
62,13:23:55,5/4/2022,cleaveland_gsw,shane,,171,prebud,postburn,0.024694,2.91658,0.024486,0.564553,0.428813,0.415791,2.286091,1.857278,5.075989,5.234961,27.908684,0.441786,PSF-00338_20220504132355,0,0,0,110.836746,205.849533,0.461564,0.5,0.8,45.084206,15.49,15.02,22.7,19.58,81.91,156.1,149.2,4.4,244,4.042,13:22:58,5/4/2022,0.1,0,0.002,-9999,-0.088,-1.257,-9999,1,150,0.005,2,0,rectangular,10000,500,-9999,-9999,55537,55537,55537,0,-9999,0,0,0,0,2.430449,2.42678,1.648131,0.819386,0.299031,-0.03218,0.361922,0.327694,110.836746,0.000379,2.402767,-0.000071,1,2.398864,-0.000075,1,0.600175,0.600985,0.107103,0,PSF-00338_20220504132355,PFA-00366,PSA-00383,PSF-00338,RHS-00157,1.0.0,2022-05-04T17:21:59.417Z
63,13:26:51,5/4/2022,cleaveland_gsw,shane,,77,prebud,postburn,0.083767,2.915453,0.081428,3.098975,0.506051,0.434621,3.544439,3.038388,5.30926,6.181839,43.298264,0.441786,PSF-00338_20220504132651,0,0,0,66.873192,75.47879,0.114013,0.5,0.8,92.73011,18.05,15.5,22.91,26.83,81.86,155.9,151.4,2.9,2033,4.042,13:22:58,5/4/2022,0.1,0.002,0.003,0.01,-0.016,0.004,-0.56,1,150,0.005,2,0,rectangular,10000,500,-9999,-9999,55537,55537,55537,0,-9999,0,0,0,0,2.431252,2.431083,1.646954,0.823388,0.296501,0.045987,0.372767,1.943896,66.873192,0.000364,2.402767,-0.000071,1,2.398864,-0.000075,1,0.600175,0.600985,0.107103,0,PSF-00338_20220504132651,PFA-00366,PSA-00383,PSF-00338,RHS-00157,1.0.0,2022-05-04T17:21:59.417Z
64,13:27:01,5/4/2022,cleaveland_gsw,shane,,77,prebud,postburn,0.077678,2.916437,0.075663,2.68931,0.490645,0.428693,3.332331,2.841686,5.236789,5.993576,40.70681,0.441786,PSF-00338_20220504132701,0,0,0,78.594086,86.458679,0.090964,0.5,0.8,76.297409,17.47,15.27,22.93,25.79,81.86,156.1,153.8,1.4,2097,4.042,13:22:58,5/4/2022,0.1,0,0.002,0.016,-0.422,-1.08,-1.935,1,150,0.005,2,0,rectangular,10000,500,-9999,-9999,55537,55537,55537,0,-9999,0,0,0,0,2.430849,2.430121,1.647981,0.827657,0.296246,0.033711,0.373395,2.001355,78.594086,0.000362,2.402767,-0.000071,1,2.398864,-0.000075,1,0.600175,0.600985,0.107103,0,PSF-00338_20220504132701,PFA-00366,PSA-00383,PSF-00338,RHS-00157,1.0.0,2022-05-04T17:21:59.417Z
65,13:27:11,5/4/2022,cleaveland_gsw,shane,,77,prebud,postburn,0.067227,2.914557,0.065711,2.562882,0.504991,0.445872,3.617574,3.112583,5.446345,6.168494,44.188835,0.441786,PSF-00338_20220504132711,0,0,0,66.257713,74.976685,0.116289,0.5,0.8,93.777641,17.96,15.86,22.95,27.18,81.87,155.8,151.2,3,2016,4.001,13:22:58,5/4/2022,0.1,0.001,0.002,-9999,-0.145,-0.026,-9999,1,150,0.005,2,0,rectangular,10000,500,-9999,-9999,55537,55537,55537,0,-9999,0,0,0,0,2.431871,2.430941,1.646019,0.823027,0.296022,0.049572,0.373975,1.928296,66.257713,0.000366,2.402767,-0.000071,1,2.398864,-0.000075,1,0.600175,0.600985,0.107103,0,PSF-00338_20220504132711,PFA-00366,PSA-00383,PSF-00338,RHS-00157,1.0.0,2022-05-04T17:21:59.417Z
66,13:27:28,5/4/2022,cleaveland_gsw,shane,,77,prebud,postburn,0.108741,2.915266,0.104831,3.665147,0.515959,0.431471,3.311317,2.795357,5.270427,6.302449,40.447762,0.441786,PSF-00338_20220504132728,0,0,0,98.640205,110.426544,0.106735,0.5,0.8,89.517387,18.32,15.32,22.98,25.68,81.87,155.9,153.4,1.6,2097,4.041,13:22:58,5/4/2022,0.1,0,0.003,0.013,-2.303,-3.374,-1.23,1,150,0.005,2,0,rectangular,10000,500,-9999,-9999,55537,55537,55537,0,-9999,0,0,0,0,2.430933,2.43153,1.646758,0.826862,0.295654,0.031933,0.375046,2.00118,98.640205,0.000364,2.402767,-0.000071,1,2.398864,-0.000075,1,0.600175,0.600985,0.107103,0,PSF-00338_20220504132728,PFA-00366,PSA-00383,PSF-00338,RHS-00157,1.0.0,2022-05-04T17:21:59.417Z
67,13:27:37,5/4/2022,cleaveland_gsw,shane,,77,prebud,postburn,0.086824,2.914139,0.084312,3.360617,0.516268,0.438731,3.695485,3.179217,5.35909,6.306198,45.140247,0.441786,PSF-00338_20220504132737,0,0,0,69.46492,82.522629,0.158232,0.5,0.8,127.998573,18.31,15.56,23,27.55,81.87,155.8,139.5,10.4,2022,4.036,13:22:58,5/4/2022,0.1,0.001,0.002,0.019,-0.412,0.548,0.011,1,150,0.005,2,0,rectangular,10000,500,-9999,-9999,55537,55537,55537,0,-9999,0,0,0,0,2.431351,2.431516,1.645585,0.802535,0.295464,0.053285,0.375592,1.93397,69.46492,0.000369,2.402767,-0.000071,1,2.398864,-0.000075,1,0.600175,0.600985,0.107103,0,PSF-00338_20220504132737,PFA-00366,PSA-00383,PSF-00338,RHS-00157,1.0.0,2022-05-04T17:21:59.417Z
68,13:32:07,5/4/2022,cleaveland_gsw,shane,,72,prebud,postburn,0.0305,2.915569,0.030184,0.862914,0.423735,0.403812,2.720757,2.297022,4.929365,5.17256,33.212471,0.441786,PSF-00338_20220504133207,0,0,0,67.897797,89.032532,0.237382,0.5,0.8,104.430161,14.84,14.14,23.21,22.41,81.92,155.9,145.6,6.6,1100,4.035,13:22:58,5/4/2022,0.1,0.001,0.003,-9999,-1.236,2.588,-9999,1,150,0.005,2,0,rectangular,10000,500,-9999,-9999,55537,55537,55537,0,-9999,0,0,0,0,2.428846,2.425585,1.647074,0.813138,0.292934,-0.007249,0.390215,1.100616,67.897797,0.000368,2.402767,-0.000071,1,2.398864,-0.000075,1,0.600175,0.600985,0.107103,0,PSF-00338_20220504133207,PFA-00366,PSA-00383,PSF-00338,RHS-00157,1.0.0,2022-05-04T17:21:59.417Z
69,13:32:27,5/4/2022,cleaveland_gsw,shane,,72,prebud,postburn,0.052734,2.91554,0.051798,1.495132,0.463034,0.428529,2.780935,2.317901,5.230831,5.65201,33.945408,0.441786,PSF-00338_20220504133227,0,0,0,91.542725,115.972282,0.21065,0.5,0.8,38.933842,16.21,15,23.21,22.77,81.92,155.9,136.1,12.7,462,4.034,13:22:58,5/4/2022,0.1,-0.001,0.001,-9999,3.122,-0.291,-9999,1,150,0.005,2,0,rectangular,10000,500,-9999,-9999,55537,55537,55537,0,-9999,0,0,0,0,2.43035,2.42794,1.647044,0.796718,0.292895,-0.003325,0.39115,0.524512,91.542725,0.000364,2.402767,-0.000071,1,2.398864,-0.000075,1,0.600175,0.600985,0.107103,0,PSF-00338_20220504133227,PFA-00366,PSA-00383,PSF-00338,RHS-00157,1.0.0,2022-05-04T17:21:59.417Z
70,13:32:39,5/4/2022,cleaveland_gsw,shane,,72,prebud,postburn,0.044993,2.915886,0.04431,1.502033,0.512408,0.477775,3.226107,2.713699,5.832016,6.254769,39.379868,0.441786,PSF-00338_20220504133239,0,0,0,75.947998,87.492226,0.131946,0.5,0.8,21.351721,17.93,16.72,23.22,25.24,81.92,156,137.3,12,405,4.033,13:22:58,5/4/2022,0.1,-0.001,0.001,-9999,1.642,3.035,-9999,1,150,0.005,2,0,rectangular,10000,500,-9999,-9999,55537,55537,55537,0,-9999,0,0,0,0,2.4333,2.430842,1.647406,0.798651,0.292804,0.024227,0.39169,0.472557,75.947998,0.000369,2.402767,-0.000071,1,2.398864,-0.000075,1,0.600175,0.600985,0.107103,0,PSF-00338_20220504133239,PFA-00366,PSA-00383,PSF-00338,RHS-00157,1.0.0,2022-05-04T17:21:59.417Z
71,13:32:52,5/4/2022,cleaveland_gsw,shane,,72,prebud,postburn,0.049716,2.915294,0.048882,1.732478,0.455646,0.415654,3.292671,2.837025,5.073789,5.561968,40.192883,0.441786,PSF-00338_20220504133252,0,0,0,64.506409,74.892281,0.138677,0.5,0.8,77.30896,15.92,14.52,23.25,25.59,81.92,155.9,143.7,7.8,1394,4.033,13:22:58,5/4/2022,0.1,0.001,0.002,-9999,0.435,2.228,-9999,1,150,0.005,2,0,rectangular,10000,500,-9999,-9999,55537,55537,55537,0,-9999,0,0,0,0,2.429511,2.427441,1.646788,0.809864,0.292512,0.027856,0.392388,1.366085,64.506409,0.000369,2.402767,-0.000071,1,2.398864,-0.000075,1,0.600175,0.600985,0.107103,0,PSF-00338_20220504133252,PFA-00366,PSA-00383,PSF-00338,RHS-00157,1.0.0,2022-05-04T17:21:59.417Z
72,13:33:28,5/4/2022,cleaveland_gsw,shane,,72,prebud,postburn,0.042118,2.91521,0.041518,1.358817,0.456482,0.425113,3.079829,2.623347,5.189196,5.572106,37.594307,0.441786,PSF-00338_20220504133328,0,0,0,68.184258,80.612183,0.154169,0.5,0.8,80.775749,15.86,14.77,23.34,24.47,81.92,155.9,148.1,5,1310,4.032,13:33:16,5/4/2022,0.04,0,0.001,0.009,-0.306,-0.15,2.138,1,150,0.005,2,0,rectangular,10000,500,-9999,-9999,55537,55537,55537,0,-9999,0,0,0,0,2.429933,2.427423,1.6467,0.817448,0.291443,0.014148,0.394253,1.290359,68.184258,0.000363,2.402767,-0.000071,1,2.398864,-0.000075,1,0.600175,0.600985,0.107103,0,PSF-00338_20220504133328,PFA-00366,PSA-00383,PSF-00338,RHS-00157,1.0.0,2022-05-04T17:21:59.417Z
73,13:34:23,5/4/2022,cleaveland_gsw,shane,,111,prebud,postburn,0.058575,2.915405,0.057421,2.394654,0.480802,0.425533,3.80854,3.327739,5.193192,5.867692,46.479336,0.441786,PSF-00338_20220504133423,0,0,0,62.197567,67.878128,0.083688,0.5,0.8,69.688553,16.71,14.79,23.34,28.06,81.94,155.9,151.1,3.1,2082,4.031,13:33:16,5/4/2022,0.04,0.001,0.002,-9999,-0.229,-0.591,-9999,1,150,0.005,2,0,rectangular,10000,500,-9999,-9999,55537,55537,55537,0,-9999,0,0,0,0,2.42996,2.428862,1.646904,0.82288,0.291457,0.055478,0.397212,1.9877,62.197567,0.000364,2.402767,-0.000071,1,2.398864,-0.000075,1,0.600175,0.600985,0.107103,0,PSF-00338_20220504133423,PFA-00366,PSA-00383,PSF-00338,RHS-00157,1.0.0,2022-05-04T17:21:59.417Z
74,13:34:33,5/4/2022,cleaveland_gsw,shane,,111,prebud,postburn,0.051976,2.915121,0.051066,2.319735,0.495049,0.441506,4.112741,3.617692,5.38801,6.04144,50.190727,0.441786,PSF-00338_20220504133433,0,0,0,64.912674,70.787071,0.082987,0.5,0.8,68.277504,17.19,15.33,23.35,29.39,81.94,155.9,152.3,2.3,2057,4.031,13:33:16,5/4/2022,0.04,0.001,0.002,-9999,0.078,-0.263,-9999,1,150,0.005,2,0,rectangular,10000,500,-9999,-9999,55537,55537,55537,0,-9999,0,0,0,0,2.430905,2.429679,1.646607,0.825044,0.291339,0.07108,0.397757,1.965181,64.912674,0.000367,2.402767,-0.000071,1,2.398864,-0.000075,1,0.600175,0.600985,0.107103,0,PSF-00338_20220504133433,PFA-00366,PSA-00383,PSF-00338,RHS-00157,1.0.0,2022-05-04T17:21:59.417Z
75,13:34:44,5/4/2022,cleaveland_gsw,shane,,111,prebud,postburn,0.085038,2.915598,0.082628,3.470356,0.513581,0.433537,3.862799,3.349219,5.291428,6.268379,47.146404,0.441786,PSF-00338_20220504133444,0,0,0,76.452972,84.640503,0.096733,0.5,0.8,79.304947,17.82,15.04,23.36,28.3,81.93,155.9,152.5,2.2,2050,4.031,13:33:16,5/4/2022,0.04,0.001,0.003,-9999,-1.541,-2.025,-9999,1,150,0.005,2,0,rectangular,10000,500,-9999,-9999,55537,55537,55537,0,-9999,0,0,0,0,2.4304,2.430728,1.647105,0.825279,0.291157,0.058047,0.398395,1.958592,76.452972,0.000365,2.402767,-0.000071,1,2.398864,-0.000075,1,0.600175,0.600985,0.107103,0,PSF-00338_20220504133444,PFA-00366,PSA-00383,PSF-00338,RHS-00157,1.0.0,2022-05-04T17:21:59.417Z
76,13:34:53,5/4/2022,cleaveland_gsw,shane,,111,prebud,postburn,0.070731,2.916387,0.069056,3.085677,0.508074,0.436936,4.06722,3.559146,5.33242,6.200601,49.636864,0.441786,PSF-00338_20220504133453,0,0,0,62.214375,68.58802,0.092927,0.5,0.8,77.337357,17.61,15.15,23.38,29.19,81.94,156,153.6,1.5,2081,4.03,13:33:16,5/4/2022,0.04,0.001,0.002,-9999,0.089,-0.356,-9999,1,150,0.005,2,0,rectangular,10000,500,-9999,-9999,55537,55537,55537,0,-9999,0,0,0,0,2.43058,2.430381,1.647929,0.827357,0.290995,0.068439,0.398862,1.986616,62.214375,0.000363,2.402767,-0.000071,1,2.398864,-0.000075,1,0.600175,0.600985,0.107103,0,PSF-00338_20220504133453,PFA-00366,PSA-00383,PSF-00338,RHS-00157,1.0.0,2022-05-04T17:21:59.417Z
77,13:35:02,5/4/2022,cleaveland_gsw,shane,,111,prebud,postburn,0.065311,2.91539,0.06388,3.013652,0.5061,0.436572,4.259008,3.752908,5.328454,6.177054,51.982067,0.441786,PSF-00338_20220504133502,0,0,0,61.810612,70.504906,0.123315,0.5,0.8,97.433731,17.53,15.12,23.39,29.99,81.93,155.9,153.8,1.4,1975,4.03,13:33:16,5/4/2022,0.04,0,0.002,-9999,-0.173,-0.277,-9999,1,150,0.005,2,0,rectangular,10000,500,-9999,-9999,55537,55537,55537,0,-9999,0,0,0,0,2.430532,2.430236,1.646888,0.827616,0.290813,0.077856,0.399341,1.891494,61.810612,0.000364,2.402767,-0.000071,1,2.398864,-0.000075,1,0.600175,0.600985,0.107103,0,PSF-00338_20220504133502,PFA-00366,PSA-00383,PSF-00338,RHS-00157,1.0.0,2022-05-04T17:21:59.417Z
